id,municipality,school,ownership,ownershipCategory,grades,specialSchool,pupils,registryUpdated,testGrade,testYear,reading,maths,english,readingUncertainty,mathsUncertainty,englishUncertainty,surveyGrade,wellbeing,wellbeingYear,bullying,bullyingYear,bullyingStatus,pupilsPerTeacher,teacherRatioYear,grade10Points,pointsYear,notes,sourceUrl,organisationNumber,showOnMap,excelRowVisible,latitude,longitude,address,sourceWorkbookRow
977506123,Stavanger,Lassa skole,Offentlig,public,1–7,False,327,2026-09-13,5,2025-26,54,56,55,2.4,2.4,2.8,7,4,2025-26,19.6,2025-26,Published,18.13,2025-26,,,,https://skoleoversikten.no/skoler/977506123/lassa-skole,977506123,True,True,58.95744,5.6947,"Rektor Berntsens gate 9, 4022 STAVANGER",7
874611522,Stavanger,Tjensvoll skole,Offentlig,public,1–7,False,365,2026-09-13,5,2025-26,53,56,54,2.5,2.8,2.5,7,4.3,2025-26,8.9,2025-26,Published,13.9,2025-26,,,,https://skoleoversikten.no/skoler/874611522/tjensvoll-skole,874611522,True,True,58.95134,5.70436,"Tjensvollveien 54, 4021 STAVANGER",8
990180253,Sandnes,Buggeland skole,Offentlig,public,1–7,False,460,2026-08-12,5,2025-26,52,56,52,2,2.3,1.9,7,4.2,2025-26,7.5,2025-26,Published,13.06,2025-26,,,,https://skoleoversikten.no/skoler/990180253/buggeland-skole,990180253,True,True,58.81477,5.75449,"Buggelandskogen 5, 4324 SANDNES",9
913461746,Stavanger,Norlights montessoriskole Stavanger AS,Privat,private,1–10,False,60,2026-09-13,5,2022-23,50,56,58,7.3,5.2,4.6,7,4,2024-25,,,Not available,9.34,2025-26,49.7,2025-26,Academic results use older published year; Private: check curriculum and language before comparing,https://skoleoversikten.no/skoler/913461746/norlights-montessoriskole-stavanger-as,913461746,True,True,58.89334,5.72333,"Forusbeen 35, 4034 STAVANGER",10
874610852,Sandnes,Høle barne- og ungdomsskule,Offentlig,public,1–10,False,97,2026-09-13,5,2025-26,50,56,57,4.4,4.5,6.3,7,4.3,2025-26,,,Suppressed,8.55,2025-26,40.9,2025-26,,https://skoleoversikten.no/skoler/874610852/hole-barne-og-ungdomsskule,874610852,True,True,58.89687,6.01865,"Apalstøveien 84, 4308 SANDNES",11
974611570,Stavanger,Hafrsfjord skole,Offentlig,public,1–7,False,324,2026-08-12,5,2025-26,49,56,53,2.7,2.4,2.9,7,4.2,2025-26,20.9,2024-25,Suppressed,14.06,2025-26,,,Bullying uses older published year,https://skoleoversikten.no/skoler/974611570/hafrsfjord-skole,974611570,True,True,58.94306,5.65594,"Madlasandnes 11, 4045 HAFRSFJORD",12
974611538,Stavanger,Tasta skole,Offentlig,public,1–7,False,373,2026-09-13,5,2025-26,54,54,51,2.7,3.1,3.2,7,4.4,2025-26,12.8,2024-25,Suppressed,14.1,2025-26,,,Bullying uses older published year,https://skoleoversikten.no/skoler/974611538/tasta-skole,974611538,False,False,58.98373,5.67992,"Randabergveien 165, 4027 STAVANGER",13
975289249,Stavanger,Finnøy skule,Offentlig,public,1–10,False,324,2026-09-13,5,2025-26,53,54,50,3,3.6,3.3,7,4.1,2025-26,20.0,2024-25,Suppressed,15.39,2025-26,44.8,2025-26,Bullying uses older published year,https://skoleoversikten.no/skoler/975289249/finnoy-skule,975289249,False,False,59.17441,5.87132,"Hagabakken 1, 4160 FINNØY",14
984696124,Sandnes,Sørbø skole,Offentlig,public,1–7,False,577,2026-09-13,5,2025-26,51,54,54,1.9,2.3,2.2,7,4.4,2025-26,9.9,2025-26,Published,15.62,2025-26,,,,https://skoleoversikten.no/skoler/984696124/sorbo-skole,984696124,True,True,58.82558,5.73013,"Haugen 27, 4323 SANDNES",15
975275604,Sola,Røyneberg skole,Offentlig,public,1–7,False,314,2026-09-13,5,2025-26,50,54,49,2.3,3.1,3,7,4.4,2025-26,15.7,2025-26,Published,18.47,2025-26,,,,https://skoleoversikten.no/skoler/975275604/royneberg-skole,975275604,False,False,58.90446,5.66542,"Myklaberglia 21, 4052 RØYNEBERG",16
925640409,Sandnes,Kleivane skole,Offentlig,public,1–7,False,331,2026-09-13,5,2025-26,50,54,53,2.8,2.7,3.2,7,4.8,2025-26,,,Suppressed,12.63,2025-26,,,,https://skoleoversikten.no/skoler/925640409/kleivane-skole,925640409,True,True,58.83847,5.775,"Skaraveien 100, 4326 SANDNES",17
974611805,Stavanger,Gausel skole,Offentlig,public,1–7,False,503,2026-09-13,5,2025-26,53,53,54,1.9,2.7,2.4,7,4.2,2025-26,11.3,2025-26,Published,14.85,2025-26,,,,https://skoleoversikten.no/skoler/974611805/gausel-skole,974611805,True,True,58.89839,5.73383,"Gauselbakken 103, 4032 STAVANGER",18
974611597,Stavanger,Kannik skole,Offentlig,public,8–10,False,677,2026-09-13,8,2025-26,52,53,54,1.2,1.1,1.2,10,4,2025-26,10.9,2025-26,Published,19.9,2025-26,43.3,2025-26,,https://skoleoversikten.no/skoler/974611597/kannik-skole,974611597,False,False,58.96448,5.72217,"St. Svithuns gate 40, 4009 STAVANGER",19
974610787,Sandnes,Sandved skole,Offentlig,public,1–7,False,711,2026-09-13,5,2025-26,52,53,53,1.9,1.8,1.9,7,4.3,2025-26,6.5,2024-25,Suppressed,14.73,2025-26,,,Bullying uses older published year,https://skoleoversikten.no/skoler/974610787/sandved-skole,974610787,True,True,58.84072,5.71629,"Gamle Asheimvei 9, 4318 SANDNES",20
982980712,Sandnes,Smeaheia skole,Offentlig,public,1–7,False,340,2026-09-13,5,2025-26,49,53,53,2.9,3.1,3,7,4.2,2025-26,13.3,2023-24,Suppressed,14.9,2025-26,,,Bullying uses older published year,https://skoleoversikten.no/skoler/982980712/smeaheia-skole,982980712,True,True,58.86341,5.72287,"Kjærholen 5, 4316 SANDNES",21
974611511,Stavanger,Jåtten skole,Offentlig,public,1–7,False,605,2026-09-13,5,2025-26,49,53,53,2,2.1,2.4,7,4.1,2025-26,13.0,2025-26,Published,14.99,2025-26,,,,https://skoleoversikten.no/skoler/974611511/jatten-skole,974611511,True,True,58.91515,5.72432,"Ordfører Askelands gate 11, 4020 STAVANGER",22
983618979,Stavanger,Vikevåg skule,Offentlig,public,1–7,False,217,2026-09-13,5,2025-26,48,53,51,3.2,3.8,3.7,7,4.2,2025-26,,,Suppressed,15.17,2025-26,,,,https://skoleoversikten.no/skoler/983618979/vikevag-skule,983618979,False,False,59.10359,5.69861,"Sørbøveien 6, 4150 RENNESØY",23
974611619,Stavanger,Tastaveden skole,Offentlig,public,8–10,False,317,2026-09-13,8,2025-26,50,49,54,1.9,2,1.7,10,4.1,2025-26,14.099999999999998,2025-26,Published,18.24,2025-26,40.7,2025-26,,https://skoleoversikten.no/skoler/974611619/tastaveden-skole,974611619,False,False,58.97967,5.70084,"Soltunveien 30, 4026 STAVANGER",24
974611473,Stavanger,Auglend skole,Offentlig,public,1–10,False,499,2026-09-13,5,2025-26,52,52,52,2.5,2.1,2.4,7,4.2,2025-26,18.2,2025-26,Published,13.3,2025-26,,,,https://skoleoversikten.no/skoler/974611473/auglend-skole,974611473,True,True,58.94713,5.72569,"Hjalmar Johansens gate 32, 4019 STAVANGER",25
998211794,Stavanger,Kristen friskole AS,Privat,private,1–10,False,325,2026-09-13,5,2025-26,52,52,,3.4,3.1,,7,3.9,2024-25,32.0,2024-25,Not available,18.52,2025-26,48.2,2025-26,Bullying uses older published year; Private: check curriculum and language before comparing,https://skoleoversikten.no/skoler/998211794/kristen-friskole-as,998211794,False,False,58.95177,5.70301,"Tjensvollveien 46, 4021 STAVANGER",26
816578892,Sandnes,Wang Ung Sandnes AS,Privat,private,8–10,False,180,2026-07-15,8,2025-26,54,54,53,2.3,2.3,1.9,10,4.5,2025-26,,,Suppressed,24.23,2025-26,46.3,2025-26,Private: check curriculum and language before comparing,https://skoleoversikten.no/skoler/816578892/wang-ung-sandnes-as,816578892,False,False,58.85992,5.72297,"Jønningsheiveien 42, 4316 SANDNES",27
977506077,Stavanger,Teinå skole,Offentlig,public,1–7,False,331,2026-09-13,5,2025-26,51,52,56,2.1,2.5,2.5,7,3.9,2025-26,8.7,2024-25,Suppressed,14.48,2025-26,42.6,2013-14,Bullying uses older published year,https://skoleoversikten.no/skoler/977506077/teina-skole,977506077,True,True,58.98981,5.68228,"Eldfiskbakken 11, 4028 STAVANGER",28
974611341,Stavanger,Godeset skole,Offentlig,public,1–7,False,287,2026-08-12,5,2025-26,51,52,54,2.3,3,3.2,7,4,2025-26,16.7,2023-24,Suppressed,15.25,2025-26,,,Bullying uses older published year,https://skoleoversikten.no/skoler/974611341/godeset-skole,974611341,True,True,58.90037,5.71442,"Folkvangveien 50, 4034 STAVANGER",29
980203883,Sandnes,Forus friskole - Bus,Privat,private,1–10,False,149,2026-09-13,5,2025-26,51,52,,5.2,7,,7,3.8,2025-26,,,Suppressed,14.57,2025-26,46.3,2025-26,Private: check curriculum and language before comparing,https://skoleoversikten.no/skoler/980203883/forus-friskole-bus,980203883,False,False,58.88313,5.73925,"Prinsens vei 3, 4315 SANDNES",30
979847548,Sandnes,Bogafjell skole,Offentlig,public,1–7,False,403,2026-07-15,5,2025-26,50,52,53,2.6,2.4,2.3,7,4.2,2025-26,13.200000000000001,2025-26,Published,14.78,2025-26,41.3,2010-11,,https://skoleoversikten.no/skoler/979847548/bogafjell-skole,979847548,True,True,58.82116,5.75067,"Bogafjellbakken 1, 4324 SANDNES",31
974611244,Stavanger,Austbø skole,Offentlig,public,8–10,False,278,2026-09-13,8,2025-26,50,52,53,1.6,1.8,1.7,10,4,2025-26,16.9,2025-26,Published,16.51,2025-26,43.6,2025-26,,https://skoleoversikten.no/skoler/974611244/austbo-skole,974611244,False,False,58.9953,5.73553,"Austbøsvingene 50, 4085 HUNDVÅG",32
974611562,Stavanger,Madlamark skole,Offentlig,public,1–10,False,369,2026-09-13,5,2025-26,50,52,52,2.5,2.7,2.6,7,3.9,2025-26,14.000000000000002,2025-26,Published,16.68,2025-26,,,Registry lists 1–10 but no grade-8 test records; verify actual grade range,https://skoleoversikten.no/skoler/974611562/madlamark-skole,974611562,True,True,58.95026,5.67873,"Rappveien 17, 4041 HAFRSFJORD",33
974611686,Stavanger,Gosen skole,Offentlig,public,8–10,False,328,2026-07-15,8,2025-26,50,51,53,2,2.1,1.7,10,4.1,2025-26,11.3,2025-26,Published,18.57,2025-26,45.6,2025-26,,https://skoleoversikten.no/skoler/974611686/gosen-skole,974611686,False,False,58.94099,5.68416,"Sophus Bugges gate 13, 4041 HAFRSFJORD",34
974611600,Stavanger,Hinna skole,Offentlig,public,8–10,False,281,2026-09-13,8,2025-26,50,51,53,2,1.5,1.9,10,4.2,2025-26,5.2,2025-26,Published,16.78,2025-26,44.6,2025-26,,https://skoleoversikten.no/skoler/974611600/hinna-skole,974611600,False,False,58.91783,5.72237,"Ordfører Tveteraas gate 11, 4020 STAVANGER",35
974611651,Stavanger,Kristianslyst skole,Offentlig,public,8–10,False,522,2026-09-13,8,2025-26,50,51,53,1.5,1.4,1.4,10,4.2,2025-26,7.400000000000001,2025-26,Published,19.78,2025-26,44.4,2025-26,,https://skoleoversikten.no/skoler/974611651/kristianslyst-skole,974611651,False,False,58.93773,5.73433,"Skolevollen 17, 4017 STAVANGER",36
874735582,Stavanger,Gautesete skole,Offentlig,public,8–10,False,360,2026-09-13,8,2025-26,50,49,53,1.6,1.7,1.7,10,4.2,2025-26,10.2,2025-26,Published,18.73,2025-26,43.6,2025-26,,https://skoleoversikten.no/skoler/874735582/gautesete-skole,874735582,False,False,58.89919,5.72318,"Heddeveien 143, 4034 STAVANGER",37
974611481,Stavanger,Ullandhaug skole,Offentlig,public,8–10,False,324,2026-09-13,8,2025-26,50,49,53,1.7,1.7,1.7,10,3.9,2025-26,10.3,2025-26,Published,18.86,2025-26,41.9,2025-26,,https://skoleoversikten.no/skoler/974611481/ullandhaug-skole,974611481,False,False,58.95014,5.72398,"Hjalmar Johansens gate 13, 4019 STAVANGER",38
874611832,Stavanger,Skeie skole,Offentlig,public,1–7,False,411,2026-09-13,5,2025-26,49,52,54,2.2,2.8,2.3,7,3.7,2025-26,21.2,2025-26,Published,14.12,2025-26,,,,https://skoleoversikten.no/skoler/874611832/skeie-skole,874611832,True,True,59.00235,5.72701,"Terje Vigens vei 1, 4083 HUNDVÅG",39
974610841,Sandnes,Hommersåk skole,Offentlig,public,1–7,False,177,2026-09-13,5,2025-26,49,52,50,3.3,3.5,3.2,7,4.3,2025-26,,,Suppressed,19.81,2025-26,,,,https://skoleoversikten.no/skoler/974610841/hommersak-skole,974610841,False,False,58.92608,5.8496,"Riskaveien 7, 4310 HOMMERSÅK",40
975299112,Sola,Storevarden skole,Offentlig,public,1–7,False,442,2026-09-13,5,2025-26,48,52,53,2.1,2.3,2.6,7,4,2025-26,15.2,2023-24,Suppressed,15.2,2025-26,,,Bullying uses older published year,https://skoleoversikten.no/skoler/975299112/storevarden-skole,975299112,False,False,58.93896,5.57718,"Storevardvegen 13, 4056 TANANGER",41
925910325,Sola,Kjerrberget ungdomsskole,Offentlig,public,8–10,False,308,2026-08-12,8,2025-26,51,53,54,1.6,1.9,1.6,10,3.9,2025-26,5.4,2025-26,Published,19.07,2025-26,43.4,2025-26,,https://skoleoversikten.no/skoler/925910325/kjerrberget-ungdomsskole,925910325,False,False,58.88483,5.66999,"Skadbergbakken 79, 4050 SOLA",42
974610914,Sandnes,Høyland ungdomsskole,Offentlig,public,8–10,False,248,2026-09-13,8,2025-26,49,50,53,1.8,1.8,1.7,10,4.1,2025-26,10.4,2024-25,Suppressed,16.13,2025-26,40.7,2025-26,Bullying uses older published year,https://skoleoversikten.no/skoler/974610914/hoyland-ungdomsskole,974610914,False,False,58.8436,5.74179,"Austråttveien 11, 4306 SANDNES",43
974611422,Stavanger,Nylund skole,Offentlig,public,1–7,False,403,2026-09-13,5,2025-26,51,51,54,2.5,2.9,2.7,7,4,2025-26,15.5,2025-26,Published,12.31,2025-26,,,,https://skoleoversikten.no/skoler/974611422/nylund-skole,974611422,True,True,58.96482,5.7501,"Nylundsgata 1, 4014 STAVANGER",44
974610752,Sandnes,Stangeland skole,Offentlig,public,1–7,False,500,2026-09-13,5,2025-26,51,51,53,2.2,2.2,1.9,7,4.1,2025-26,13.0,2025-26,Published,12.29,2025-26,,,,https://skoleoversikten.no/skoler/974610752/stangeland-skole,974610752,True,True,58.85583,5.71595,"Solaveien 84, 4316 SANDNES",45
980030253,Sandnes,Lurahammaren ungdomsskole,Offentlig,public,8–10,False,233,2026-09-13,8,2025-26,48,50,53,2.5,2.3,2.4,10,4.1,2025-26,9.8,2024-25,Suppressed,18.49,2025-26,43.3,2025-26,Bullying uses older published year,https://skoleoversikten.no/skoler/980030253/lurahammaren-ungdomsskole,980030253,False,False,58.88156,5.74587,"Rissebærstraen 34, 4315 SANDNES",46
974611449,Stavanger,Våland skole,Offentlig,public,1–7,False,479,2026-09-13,5,2025-26,51,51,52,2.1,2,1.9,7,4,2025-26,7.200000000000001,2025-26,Published,15.02,2025-26,,,,https://skoleoversikten.no/skoler/974611449/valand-skole,974611449,True,True,58.96224,5.73271,"Schives gate 21, 4010 STAVANGER",47
974611848,Stavanger,Smiodden skole,Offentlig,public,8–10,False,244,2026-09-13,8,2025-26,48,47,53,1.9,2.1,1.9,10,4.2,2025-26,16.7,2024-25,Suppressed,19.11,2025-26,40.4,2025-26,Bullying uses older published year,https://skoleoversikten.no/skoler/974611848/smiodden-skole,974611848,False,False,58.96831,5.6069,"Alkeveien 19, 4049 HAFRSFJORD",48
974611546,Stavanger,Hundvåg skole,Offentlig,public,1–7,False,447,2026-09-13,5,2025-26,50,51,50,2.5,2.5,2.7,7,4.2,2025-26,11.3,2025-26,Published,16.16,2025-26,,,,https://skoleoversikten.no/skoler/974611546/hundvag-skole,974611546,False,False,58.99649,5.7327,"Hundvågveien 75, 4085 HUNDVÅG",49
916579632,Stavanger,Wang Ung Stavanger AS,Privat,private,8–10,False,180,2026-09-13,8,2025-26,53,54,52,1.9,2.1,1.9,10,4.3,2025-26,12.3,2023-24,Suppressed,22.06,2025-26,49.9,2025-26,Bullying uses older published year; Private: check curriculum and language before comparing,https://skoleoversikten.no/skoler/916579632/wang-ung-stavanger-as,916579632,False,False,58.9546,5.70006,"Gunnar Warebergs gate 5, 4021 STAVANGER",50
975275612,Sola,Skadberg skole,Offentlig,public,1–7,False,508,2026-08-12,5,2025-26,49,51,53,2.3,2.4,2.2,7,4.3,2025-26,9.3,2024-25,Suppressed,17.62,2025-26,,,Bullying uses older published year,https://skoleoversikten.no/skoler/975275612/skadberg-skole,975275612,True,True,58.88323,5.66776,"Litlabergvegen 20, 4051 SOLA",51
974610833,Sandnes,Sviland skule,Offentlig,public,1–7,False,143,2026-09-13,5,2025-26,49,51,49,4.2,3.4,4.5,7,4.1,2024-25,,,Not available,12.01,2025-26,,,,https://skoleoversikten.no/skoler/974610833/sviland-skule,974610833,False,False,58.82789,5.82066,"Svilandveien 213, 4337 SANDNES",52
974611120,Sandnes,Maudland skole,Offentlig,public,1–7,False,199,2026-09-13,5,2025-26,49,51,47,2.8,3,3.2,7,4.5,2025-26,27.699999999999996,2024-25,Suppressed,14.03,2025-26,,,Bullying uses older published year,https://skoleoversikten.no/skoler/974611120/maudland-skole,974611120,False,False,58.91924,5.8712,"Kristines vei 1, 4311 HOMMERSÅK",53
973857622,Sandnes,Porsholen skole,Offentlig,public,1–7,False,354,2026-09-13,5,2025-26,51,50,56,2.7,2.8,2.8,7,4.3,2025-26,11.1,2025-26,Published,15.1,2025-26,,,,https://skoleoversikten.no/skoler/973857622/porsholen-skole,973857622,False,False,58.88097,5.73655,"Porsmyrveien 33, 4314 SANDNES",54
984034547,Stavanger,Tastarustå skole,Offentlig,public,8–10,False,404,2026-09-13,8,2025-26,51,49,52,1.8,1.8,1.6,10,4.1,2025-26,6.9,2025-26,Published,14.78,2025-26,43.9,2025-26,,https://skoleoversikten.no/skoler/984034547/tastarusta-skole,984034547,False,False,58.98634,5.69202,"Gjerdeveien 32, 4027 STAVANGER",55
874611492,Stavanger,Kvaleberg skole,Offentlig,public,1–7,False,353,2026-09-13,5,2025-26,51,50,52,3.1,3.2,2.8,7,4.1,2025-26,10.2,2025-26,Published,16.42,2025-26,,,,https://skoleoversikten.no/skoler/874611492/kvaleberg-skole,874611492,False,False,58.94385,5.74545,"Hillevågsveien 82, 4016 STAVANGER",56
974611813,Stavanger,Madlavoll skole,Offentlig,public,1–7,False,359,2026-09-13,5,2025-26,51,50,50,2.5,2.6,2.8,7,4.1,2025-26,13.699999999999998,2025-26,Published,15.74,2025-26,,,,https://skoleoversikten.no/skoler/974611813/madlavoll-skole,974611813,False,False,58.94278,5.69083,"Jernalderveien 47, 4041 HAFRSFJORD",57
875275542,Sola,Sola ungdomsskole,Offentlig,public,8–10,False,351,2026-09-13,8,2025-26,50,50,52,1.8,1.9,1.6,10,4.1,2025-26,10.2,2025-26,Published,19.89,2025-26,43.7,2025-26,,https://skoleoversikten.no/skoler/875275542/sola-ungdomsskole,875275542,False,False,58.89561,5.65859,"Skolevegen 14, 4055 SOLA",58
974610906,Sandnes,Skeiane ungdomsskole,Offentlig,public,8–10,False,513,2026-09-13,8,2025-26,50,49,52,1.4,1.5,1.3,10,3.9,2025-26,11.9,2025-26,Published,18.08,2025-26,41.8,2025-26,,https://skoleoversikten.no/skoler/974610906/skeiane-ungdomsskole,974610906,False,False,58.84747,5.72032,"Vårveien 9, 4319 SANDNES",59
974611627,Stavanger,Revheim skole,Offentlig,public,8–10,False,287,2026-09-13,8,2025-26,49,50,52,1.9,2,1.8,10,4,2025-26,8.0,2025-26,Published,20,2025-26,45,2025-26,,https://skoleoversikten.no/skoler/974611627/revheim-skole,974611627,False,False,58.95224,5.64228,"Revheimsveien 128, 4043 HAFRSFJORD",60
975275299,Stavanger,Mosterøy skole,Offentlig,public,1–7,False,209,2026-08-12,5,2025-26,51,50,50,3.2,3.7,3.1,7,4.3,2025-26,13.5,2024-25,Suppressed,16.18,2025-26,,,Bullying uses older published year,https://skoleoversikten.no/skoler/975275299/mosteroy-skole,975275299,False,False,59.07874,5.66926,"Vodlaveien 1, 4156 MOSTERØY",61
982944635,Stavanger,Stavanger Kristne grunnskole,Privat,private,1–10,False,118,2026-09-13,5,2022-23,49,50,55,4.7,3.7,3.3,7,4,2025-26,,,Suppressed,13.82,2025-26,45.4,2025-26,Academic results use older published year; Private: check curriculum and language before comparing,https://skoleoversikten.no/skoler/982944635/stavanger-kristne-grunnskole,982944635,False,False,58.96039,5.69091,"Adjunkt Hauglands gate 52, 4022 STAVANGER",62
975275582,Sola,Grannes skole,Offentlig,public,1–10,False,256,2026-09-13,5,2025-26,49,50,53,3.5,2.8,2.8,7,4.2,2025-26,23.3,2023-24,Suppressed,14.01,2025-26,,,Registry lists 1–10 but no grade-8 test records; verify actual grade range; Bullying uses older published year,https://skoleoversikten.no/skoler/975275582/grannes-skole,975275582,False,False,58.91805,5.68241,"Grannessletta 150, 4052 RØYNEBERG",63
974611406,Stavanger,Vardenes skole,Offentlig,public,1–7,False,333,2026-09-13,5,2025-26,49,50,52,2.3,2.3,2.5,7,4.1,2025-26,18.4,2024-25,Suppressed,14.26,2025-26,,,Bullying uses older published year,https://skoleoversikten.no/skoler/974611406/vardenes-skole,974611406,False,False,58.99561,5.6828,"Gamle Dusavikveien 4, 4029 STAVANGER",64
974611589,Stavanger,Sunde skole,Offentlig,public,1–7,False,381,2026-08-12,5,2025-26,49,50,51,2.5,2.6,2.6,7,4.3,2025-26,10.9,2025-26,Published,14.44,2025-26,,,,https://skoleoversikten.no/skoler/974611589/sunde-skole,974611589,False,False,58.96177,5.62086,"Sundeveien 10, 4047 HAFRSFJORD",65
974610973,Sandnes,Riska ungdomsskole,Offentlig,public,8–10,False,349,2026-09-13,8,2025-26,48,49,51,1.8,1.8,1.7,10,4,2025-26,7.3,2025-26,Published,19.96,2025-26,41.7,2025-26,,https://skoleoversikten.no/skoler/974610973/riska-ungdomsskole,974610973,False,False,58.92644,5.84626,"Nøtteskjellveien 7, 4310 HOMMERSÅK",66
974611635,Stavanger,St. Svithun skole,Offentlig,public,8–10,False,442,2026-08-12,8,2025-26,48,47,51,1.8,1.9,1.5,10,4,2025-26,9.0,2025-26,Published,16.87,2025-26,43.1,2025-26,,https://skoleoversikten.no/skoler/974611635/st-svithun-skole,974611635,False,False,58.9648,5.74042,"Vikedalsgata 11, 4012 STAVANGER",67
923614648,Sandnes,Bogafjell ungdomsskole,Offentlig,public,8–10,False,399,2026-09-13,8,2025-26,47,48,51,1.7,1.7,1.7,10,4.2,2025-26,6.0,2025-26,Published,19.78,2025-26,44.5,2025-26,,https://skoleoversikten.no/skoler/923614648/bogafjell-ungdomsskole,923614648,False,False,58.82187,5.74469,"Lyngholen 5, 4324 SANDNES",68
974611503,Stavanger,Vaulen skole,Offentlig,public,1–7,False,675,2026-09-13,5,2025-26,49,50,49,1.9,1.8,1.9,7,4.2,2025-26,5.9,2025-26,Published,15.09,2025-26,,,,https://skoleoversikten.no/skoler/974611503/vaulen-skole,974611503,False,False,58.93094,5.73281,"Auglendsbakken 27, 4018 STAVANGER",69
974610817,Sandnes,Austrått skole,Offentlig,public,1–7,False,255,2026-09-13,5,2025-26,48,50,53,3,3.8,2.9,7,3.9,2025-26,10.9,2025-26,Published,11.93,2025-26,,,,https://skoleoversikten.no/skoler/974610817/austratt-skole,974610817,False,False,58.84191,5.73992,"Austråttveien 1, 4306 SANDNES",70
974610795,Sandnes,Ganddal skole,Offentlig,public,1–7,False,538,2026-09-13,5,2025-26,48,50,51,1.7,2.2,2.2,7,4.4,2025-26,7.200000000000001,2024-25,Suppressed,13.38,2025-26,,,Bullying uses older published year,https://skoleoversikten.no/skoler/974610795/ganddal-skole,974610795,False,False,58.8233182,5.7112262,"Telefonveien 1, 4322 SANDNES",71
974611465,Stavanger,Kampen skole,Offentlig,public,1–7,False,443,2026-09-13,5,2025-26,48,50,50,2.8,2.4,2.5,7,4.2,2025-26,10.0,2025-26,Published,16.26,2025-26,,,,https://skoleoversikten.no/skoler/974611465/kampen-skole,974611465,False,False,58.97211,5.71643,"Kampensgata 33, 4024 STAVANGER",72
974610825,Sandnes,Hana skole,Offentlig,public,1–7,False,297,2026-09-13,5,2025-26,47,50,56,2.5,2.7,2.9,7,4.1,2025-26,22.2,2025-26,Published,13.81,2025-26,,,,https://skoleoversikten.no/skoler/974610825/hana-skole,974610825,False,False,58.8555,5.77538,"Hanamyrveien 21, 4328 SANDNES",73
820332342,Stavanger,Biss Gausel Sti,Privat,private,1–10,False,400,2026-09-13,5,2025-26,39,50,62,1.7,2.8,2.3,7,4,2025-26,,,Suppressed,27.82,2025-26,47.2,2025-26,Private: check curriculum and language before comparing,https://skoleoversikten.no/skoler/820332342/biss-gausel-sti,820332342,False,False,58.89721,5.73376,"Gauselbakken 107, 4032 STAVANGER",74
974610876,Sandnes,Iglemyr skole,Offentlig,public,1–7,False,332,2026-09-13,5,2025-26,47,48,49,2.9,2.9,3,7,4.1,2025-26,19.2,2025-26,Published,16.49,2025-26,,,,https://skoleoversikten.no/skoler/974610876/iglemyr-skole,974610876,False,False,58.8442,5.75451,"Myrullveien 1, 4326 SANDNES",75
974611678,Stavanger,Kvernevik skole,Offentlig,public,1–7,False,441,2026-09-13,5,2025-26,46,48,51,2,2.3,2.1,7,4.2,2025-26,13.600000000000001,2024-25,Suppressed,13.85,2025-26,,,Bullying uses older published year,https://skoleoversikten.no/skoler/974611678/kvernevik-skole,974611678,False,False,58.96676,5.60541,"Heiloveien 11, 4049 HAFRSFJORD",76
994392328,Sandnes,Lundehaugen ungdomsskole,Offentlig,public,8–10,False,417,2026-09-13,8,2025-26,49,50,50,1.8,1.7,1.5,10,4.2,2025-26,7.400000000000001,2025-26,Published,16.58,2025-26,42.6,2025-26,,https://skoleoversikten.no/skoler/994392328/lundehaugen-ungdomsskole,994392328,False,False,58.82743,5.72557,"Haugen 12, 4323 SANDNES",77
975275272,Stavanger,Rennesøy skule,Offentlig,public,8–10,False,241,2026-09-13,8,2025-26,49,50,50,1.8,2.1,1.9,10,4.2,2025-26,12.7,2023-24,Suppressed,19.74,2025-26,42.6,2025-26,Bullying uses older published year,https://skoleoversikten.no/skoler/975275272/rennesoy-skule,975275272,False,False,59.10529,5.69775,"Håvasteinveien 105, 4150 RENNESØY",78
975275353,Stavanger,Sjernarøy oppvekstsenter Avdeling skule,Offentlig,public,1–7,False,31,2026-09-13,5,2025-26,46,48,49,5.2,5.2,6,7,,,,,Suppressed,10.11,2025-26,,,,https://skoleoversikten.no/skoler/975275353/sjernaroy-oppvekstsenter-avdeling-skule,975275353,False,False,59.25506,5.84305,"Sjernarøyvegen 898, 4170 SJERNARØY",79
975275566,Sola,Dysjaland skule,Offentlig,public,1–10,False,412,2026-09-13,5,2025-26,44,48,46,2.7,2.6,2.6,7,4.3,2025-26,,,Suppressed,16.59,2025-26,40.7,2025-26,,https://skoleoversikten.no/skoler/975275566/dysjaland-skule,975275566,False,False,58.84069,5.60066,"Tjeltavegen 5, 4054 TJELTA",80
974610922,Sandnes,Øygard ungdomsskole,Offentlig,public,8–10,False,411,2026-09-13,8,2025-26,48,47,50,1.4,1.6,1.5,10,4.2,2025-26,8.7,2025-26,Published,17.88,2025-26,40.1,2025-26,,https://skoleoversikten.no/skoler/974610922/oygard-ungdomsskole,974610922,False,False,58.85331,5.765,"Eddaveien 25, 4327 SANDNES",81
974611457,Stavanger,Eiganes skole,Offentlig,public,1–7,False,537,2026-09-13,5,2025-26,50,47,49,2.1,2.4,2.5,7,4.2,2025-26,13.200000000000001,2025-26,Published,14.39,2025-26,,,,https://skoleoversikten.no/skoler/974611457/eiganes-skole,974611457,False,False,58.96494,5.70729,"Dues vei 35, 4023 STAVANGER",82
974610892,Sandnes,Giske ungdomsskole,Offentlig,public,8–10,False,483,2026-09-13,8,2025-26,47,50,50,1.3,1.5,1.4,10,4.2,2025-26,4.5,2025-26,Published,19.34,2025-26,43.3,2025-26,,https://skoleoversikten.no/skoler/974610892/giske-ungdomsskole,974610892,False,False,58.86182,5.72829,"Smeaheiveien 24, 4317 SANDNES",83
983083269,Stavanger,Lunde skole,Offentlig,public,8–10,False,201,2026-08-12,8,2025-26,45,46,50,2.8,2.8,2.8,10,3.7,2025-26,15.299999999999999,2025-26,Published,13.42,2025-26,42,2025-26,,https://skoleoversikten.no/skoler/983083269/lunde-skole,983083269,False,False,59.00198,5.73994,"Lerkeskogen 1, 4083 HUNDVÅG",84
975267687,Sola,Tananger ungdomsskole,Offentlig,public,8–10,False,271,2026-09-13,8,2025-26,51,49,52,1.8,1.9,2,10,3.7,2025-26,12.5,2025-26,Published,22.08,2025-26,41.5,2025-26,,https://skoleoversikten.no/skoler/975267687/tananger-ungdomsskole,975267687,False,False,58.93724,5.59922,"Skoletunet 1, 4056 TANANGER",85
974611376,Stavanger,Roaldsøy skole,Offentlig,public,1–7,False,143,2026-08-12,5,2025-26,49,47,50,3.7,4.4,3.9,7,3.5,2025-26,,,Suppressed,16.08,2025-26,,,,https://skoleoversikten.no/skoler/974611376/roaldsoy-skole,974611376,False,False,58.99338,5.76377,"Nordvikveien 23A, 4085 HUNDVÅG",86
974611430,Stavanger,Storhaug skole,Offentlig,public,1–7,False,274,2026-09-13,5,2025-26,48,47,54,3.3,3,3.4,7,4.1,2025-26,13.0,2025-26,Published,14.41,2025-26,,,,https://skoleoversikten.no/skoler/974611430/storhaug-skole,974611430,False,False,58.96641,5.74178,"Sandeidgata 25, 4012 STAVANGER",87
834121832,Stavanger,Lervig skole,Offentlig,public,1–7,False,316,2026-09-13,5,2025-26,48,47,50,2.5,2.7,2,7,,,,,Not available,16.02,2025-26,,,,https://skoleoversikten.no/skoler/834121832/lervig-skole,834121832,False,False,58.96706,5.75769,"Ryfylkegata 49, 4014 STAVANGER",88
980419169,Sola,Sande skole,Offentlig,public,1–7,False,384,2026-09-13,5,2025-26,48,47,49,2.2,2,2.1,7,4.2,2025-26,8.6,2024-25,Suppressed,14.67,2025-26,,,Bullying uses older published year,https://skoleoversikten.no/skoler/980419169/sande-skole,980419169,False,False,58.88879,5.65535,"Stemvegen 36, 4050 SOLA",89
874611662,Stavanger,Byfjord skole,Offentlig,public,1–7,False,384,2026-09-13,5,2025-26,46,47,49,2.1,2.8,2.1,7,4.3,2025-26,9.3,2024-25,Suppressed,14.72,2025-26,,,Bullying uses older published year,https://skoleoversikten.no/skoler/874611662/byfjord-skole,874611662,False,False,58.98032,5.70285,"Soltunveien 28, 4026 STAVANGER",90
975275531,Sandnes,Forsand skule,Offentlig,public,1–10,False,133,2026-09-13,5,2025-26,46,47,45,5.5,5.5,5.3,7,3.9,2025-26,,,Suppressed,11.63,2025-26,39.8,2025-26,,https://skoleoversikten.no/skoler/975275531/forsand-skule,975275531,False,False,58.89709,6.13249,"Espedalsvegen 156, 4110 FORSAND",91
974610736,Sandnes,Lura skole,Offentlig,public,1–7,False,300,2026-08-12,5,2025-26,44,47,51,2.2,3.2,2.7,7,4.1,2025-26,11.4,2025-26,Published,16.78,2025-26,,,,https://skoleoversikten.no/skoler/974610736/lura-skole,974610736,False,False,58.87585,5.73613,"Lerkeveien 9, 4314 SANDNES",92
974610965,Sandnes,Aspervika skole,Offentlig,public,1–7,True,225,2026-09-13,5,2025-26,51,46,53,4,4,3.6,7,4,2025-26,21.9,2023-24,Suppressed,12.46,2025-26,,,Bullying uses older published year,https://skoleoversikten.no/skoler/974610965/aspervika-skole,974610965,False,False,58.86538,5.76283,"Asperholen 89, 4329 SANDNES",93
974611147,Sandnes,Kyrkjevollen skole,Offentlig,public,1–7,False,313,2026-09-13,5,2025-26,45,46,47,2.1,2.5,2.9,7,4.3,2025-26,15.4,2025-26,Published,15.17,2025-26,,,,https://skoleoversikten.no/skoler/974611147/kyrkjevollen-skole,974611147,False,False,58.92704,5.83925,"Kamskjellveien 2, 4310 HOMMERSÅK",94
974610809,Sandnes,Figgjo skole,Offentlig,public,1–10,False,360,2026-09-13,5,2025-26,42,46,48,2.5,3.7,2.8,7,4.3,2025-26,11.1,2023-24,Suppressed,12.56,2025-26,42.9,2025-26,Bullying uses older published year,https://skoleoversikten.no/skoler/974610809/figgjo-skole,974610809,False,False,58.78729,5.80561,"Åslandsbakken 22, 4332 FIGGJO",95
918535705,Stavanger,Biss Sentrum AS,Privat,private,1–10,False,231,2026-09-13,5,2025-26,41,46,57,3.2,3.5,2.9,7,3.7,2025-26,,,Suppressed,11.09,2025-26,44.3,2025-26,Private: check curriculum and language before comparing,https://skoleoversikten.no/skoler/918535705/biss-sentrum-as,918535705,False,False,58.97514,5.71299,"Tanke Svilands gate 73, 4007 STAVANGER",96
974610744,Sandnes,Trones skole,Offentlig,public,1–7,False,408,2026-09-13,5,2025-26,46,45,51,2.9,2.9,2.9,7,4.2,2025-26,11.8,2025-26,Published,12.57,2025-26,,,,https://skoleoversikten.no/skoler/974610744/trones-skole,974610744,False,False,58.85623,5.73342,"Postveien 65, 4307 SANDNES",97
975275574,Sola,Haga skole,Offentlig,public,1–7,False,380,2026-09-13,5,2025-26,46,45,48,2.3,2.7,2.7,7,4,2025-26,10.6,2025-26,Published,16.55,2025-26,,,,https://skoleoversikten.no/skoler/975275574/haga-skole,975275574,False,False,58.93771,5.6033,"Tananger Ring 3, 4056 TANANGER",98
974611414,Stavanger,Buøy skole,Offentlig,public,1–7,False,125,2026-08-12,5,2025-26,43,45,49,2.5,2.5,4.1,7,4.4,2025-26,,,Suppressed,12.82,2025-26,44.1,2014-15,,https://skoleoversikten.no/skoler/974611414/buoy-skole,974611414,False,False,58.98568,5.73477,"Skipsbyggergata 19A, 4077 HUNDVÅG",99
986978070,Sandnes,Sandnes friskole AS,Privat,private,1–10,False,171,2026-09-13,5,2025-26,46,44,,4.9,5.6,,7,4.5,2025-26,,,Suppressed,14.81,2025-26,44.5,2025-26,Private: check curriculum and language before comparing,https://skoleoversikten.no/skoler/986978070/sandnes-friskole-as,986978070,False,False,58.82388,5.71712,"Elveosen 8, 4323 SANDNES",100
974610779,Sandnes,Malmheim skole,Offentlig,public,1–7,False,100,2026-09-13,5,2025-26,44,43,43,3.8,5.5,4.3,7,3.6,2025-26,,,Suppressed,11.26,2025-26,,,,https://skoleoversikten.no/skoler/974610779/malmheim-skole,974610779,False,False,58.83321,5.66012,"Killinglandveien 24, 4312 SANDNES",101
915121624,Sandnes,Sandnes International School AS,Privat,private,1–10,False,164,2026-09-13,5,2025-26,,,55,,,2.6,7,3.9,2024-25,,,Not available,13.88,2025-26,45,2025-26,Private: check curriculum and language before comparing,https://skoleoversikten.no/skoler/915121624/sandnes-international-school-as,915121624,False,False,58.88292,5.74173,"Prinsens vei 8, 4315 SANDNES",102
974154307,Stavanger,Steinerskolen Stavanger grunnskole,Privat,private,1–10,False,187,2026-09-13,5,2025-26,,,53,,,4.5,7,4.2,2025-26,31.8,2024-25,Suppressed,17.98,2025-26,,,Bullying uses older published year; Private: check curriculum and language before comparing,https://skoleoversikten.no/skoler/974154307/steinerskolen-stavanger-grunnskole,974154307,False,False,58.93885,5.73421,"Skolevollen 19, 4017 STAVANGER",103
976207270,Sandnes,Vatneli skole,Privat,private,1–10,False,59,2026-07-15,5,,,,,,,,7,4,2025-26,,,Suppressed,9.28,2025-26,37.5,2025-26,Private: check curriculum and language before comparing,https://skoleoversikten.no/skoler/976207270/vatneli-skole,976207270,False,False,58.8592,5.77235,"Vatneliveien 79, 4309 SANDNES",104
986836195,Stavanger,Ombo oppvekstsenter Avdeling skule,Offentlig,public,1–7,False,19,2026-09-13,5,,,,,,,,7,4.4,2025-26,,,Suppressed,6.8,2025-26,,,,https://skoleoversikten.no/skoler/986836195/ombo-oppvekstsenter-avdeling-skule,986836195,False,False,59.23545,5.94584,"Eidevegen 2, 4187 OMBO",105
975275345,Stavanger,Fogn oppvekstsenter Avdeling skule,Offentlig,public,1–7,False,28,2026-09-13,5,,,,,,,,7,,,,,Suppressed,8.6,2025-26,,,,https://skoleoversikten.no/skoler/975275345/fogn-oppvekstsenter-avdeling-skule,975275345,False,False,59.13848,5.90267,"Liane 1, 4164 FOGN",106
974611384,Stavanger,Vassøy skole,Offentlig,public,1–7,False,59,2026-09-13,5,,,,,,,,7,3.8,2025-26,,,Suppressed,10.3,2025-26,,,,https://skoleoversikten.no/skoler/974611384/vassoy-skole,974611384,False,False,58.9977,5.78584,"Sørstrandveien 38, 4076 VASSØY",107
973863843,Stavanger,Johannes læringssenter Flerspråklige Barn,Offentlig,public,2–10,False,192,2026-09-13,5,,,,,,,,7,,,,,Not available,13.11,2025-26,,,,https://skoleoversikten.no/skoler/973863843/johannes-laeringssenter-flerspraklige-barn,973863843,False,False,58.96731,5.75493,"Haugesundsgata 27, 4014 STAVANGER",108
973857770,Sandnes,Senter for Trygt og Godt Læringsmiljø,Offentlig,public,8–10,False,,2025-03-21,8,,,,,,,,10,,,,,Not available,,,,,,https://skoleoversikten.no/skoler/973857770/senter-for-trygt-og-godt-laeringsmiljo,973857770,False,False,58.86296,5.7023,"Sandnesveien 306, 4312 SANDNES",109
